{
    "tags": null,
    "position": [
        0,
        0,
        0
    ],
    "rotation": [
        0,
        0,
        0
    ],
    "rotationQuaternion": [
        -0.7071068387877036,
        0,
        0,
        0.7071067235853866
    ],
    "scaling": [
        100,
        100.00000000000001,
        100.00000000000001
    ],
    "billboardMode": 0,
    "scalingDeterminant": 1,
    "infiniteDistance": false,
    "ignoreNonUniformScaling": false,
    "reIntegrateRotationIntoRotationQuaternion": false,
    "name": "sun",
    "id": "0839bb31-5d67-45b5-a3b2-e54a3de1a23e",
    "state": "",
    "metadata": {
        "parentId": 1777058841316
    },
    "type": "TransformNode",
    "uniqueId": 1777058841317,
    "localMatrix": [
        1,
        0,
        0,
        0,
        0,
        1,
        0,
        0,
        0,
        0,
        1,
        0,
        0,
        0,
        0,
        1
    ],
    "isEnabled": true,
    "animations": [],
    "ranges": []
}
