{
    "tags": null,
    "position": [
        -4689.14990234375,
        0.0000019414792404859327,
        0
    ],
    "rotation": [
        0,
        0,
        0
    ],
    "rotationQuaternion": [
        -0.7071068387877036,
        0,
        0,
        0.7071067235853866
    ],
    "scaling": [
        100,
        100.00000000000001,
        100.00000000000001
    ],
    "billboardMode": 0,
    "scalingDeterminant": 1,
    "infiniteDistance": false,
    "ignoreNonUniformScaling": false,
    "reIntegrateRotationIntoRotationQuaternion": false,
    "name": "moon",
    "id": "86255598-137e-4df2-ad5c-2a8ed9c03a43",
    "state": "",
    "metadata": {
        "parentId": 1777058841316
    },
    "type": "TransformNode",
    "uniqueId": 1777058841319,
    "localMatrix": [
        1,
        0,
        0,
        0,
        0,
        1,
        0,
        0,
        0,
        0,
        1,
        0,
        0,
        0,
        0,
        1
    ],
    "isEnabled": true,
    "animations": [],
    "ranges": []
}
