{
    "tags": null,
    "position": [
        0,
        0,
        0
    ],
    "rotation": [
        0,
        0,
        0
    ],
    "rotationQuaternion": [
        0.7071067811865475,
        0,
        0,
        0.7071067811865476
    ],
    "scaling": [
        0.009999999776482582,
        0.009999999776482582,
        0.009999999776482582
    ],
    "billboardMode": 0,
    "scalingDeterminant": 1,
    "infiniteDistance": false,
    "ignoreNonUniformScaling": false,
    "reIntegrateRotationIntoRotationQuaternion": false,
    "name": "PS1_style_Solar_System for sketchfab.fbx",
    "id": "a40571ad-df9a-4e45-a7dc-5242bbf643f8",
    "state": "",
    "metadata": {
        "parentId": 1777058841314
    },
    "type": "TransformNode",
    "uniqueId": 1777058841315,
    "localMatrix": [
        1,
        0,
        0,
        0,
        0,
        1,
        0,
        0,
        0,
        0,
        1,
        0,
        0,
        0,
        0,
        1
    ],
    "isEnabled": true,
    "animations": [],
    "ranges": []
}
